epoch,train_loss,val_loss,val_acc,val_f1
1,2.122090065090396,1.2052651630872835,0.6203838090630543,0.6194130208290243
