epoch,train_loss,val_loss,val_acc,val_f1
1,2.122090065090396,1.2052651630872835,0.6203838090630543,0.6194130208290243
2,1.3269272419122549,0.8560771449037837,0.702951136913401,0.7036551842745145
